Node 1 Name,Node 2 Name
N77,N78
N73,N78
N74,N73
N74,N75
N76,N75
N77,N80
N79,N80
N82,N79
N82,N81
N72,N83
N78,N83
N77,N84
N76,N84
N79,N85
N86,N85
N87,N86
N75,N89
N88,N89
N87,N88
N76,N90
Admissions Office,N90
N87,N90
N72,N92
Chapel and Cultural Center,N91
N92,N91
N81,N92
N82,N94
N93,N94
N83,N94
N81,N95
N96,N88
N96,N97
N95,N98
N97,N98
N99,N98
N99,N101
Cary Hall,N100
Bray Hall,N100
N101,N100
N102,N98
N96,N106
N105,N106
Barton Hall,N104
N100,N104
N105,N104
N103,N104
N102,N103
N100,N107
Hall Hall,N108
N107,N108
N107,Commons Dining Hall
N100,N110
N109,N110
Crockett Hall,N109
N95,N111
N109,N111
N107,N112
N114,N113
N112,N113
N115,N113
N108,N116
N115,N116
N108,N117
N120,Nugent Hall
Davison Hall,N119
N122,N119
N121,N119
N120,N122
N121,N120
N119,N120
N121,N122
Sharp Hall,N121
N122,Sharp Hall
N120,N117
N119,N118
N109,N123
N118,N123
N118,N117
Nason Hall,N118
Warren Hall,N117
N89,N124
N114,N124
Quadrangle Complex,N125
N74,N125
Rensselaer Union,N125
N124,Rensselaer Union
N75,Rensselaer Union
N126,Rensselaer Union
N126,N114
Quadrangle Complex,N127
N128,N127
N129,N127
N129,N130
Russel Sage Dining Hall,N130
N131,N130
N131,N132
N131,N133
N127,N133
N130,Low Center for Industrial Innovation
Darrin Communications Center,N134
N130,N134
N136,N135
N136,N137
N138,N137
N140,N139
N141,N142
N136,N143
86 Field,N143
Ricketts Building,N143
N141,N143
N138,N145
N139,N145
N144,N145
N134,N144
N146,N144
N146,Jonsson Engineering Center
N147,N146
N136,N148
87 Gymnasium,N148
N149,N148
N149,N127
N135,N150
N74,N150
N149,N150
N142,N151
N147,N152
N139,N152
Greene Building,N152
N155,N154
N153,N154
N156,N155
N147,N153
N156,N159
N153,N159
N157,N159
N158,N157
Lally Hall,N157
N164,N158
N163,N158
N164,N163
N165,N140
N151,N165
N164,N165
N162,N163
N151,N162
N151,N163
N166,N162
N166,N161
N158,N161
N151,N166
N167,N166
N168,N166
N167,N168
N169,N168
N170,N167
N169,N170
N158,N167
N164,Greene Building
N141,N171
N142,N171
N140,N171